time,/Bed-1.In.MoleFlow,/Bed-1.In.P,/Bed-1.In.MoleFlows.HYDROGEN_SULFIDE,/Bed-1.Out.T,/Bed-1.Out.MoleFlow,/Bed-2.In.MoleFlow,/Bed-2.In.MoleFlows.HYDROGEN_SULFIDE,/CRF1.In.MoleFlow,/CRF1.In.T,/CRF1.In.P,/Tail_Gas.In.MoleFlow,/Sep1.In.P,/Sep2.In.P,/Sep3.In.P,/Tail_Gas.In.T
s,kmol/h,kPa,kmol/h,C,kmol/h,kmol/h,kmol/h,kmol/h,C,kPa,kmol/h,kPa,kPa,kPa,C
1,2072.582713,285.9299038,194.6143989,409.9970457,2035.926079,1994.638576,231.6268802,2047.251311,33.30371488,291.4325134,1977.793024,346.3561592,315.8859771,291.4325134,159
2,2081.622826,286.9027793,195.4964038,410.2054833,2044.928211,2001.30844,232.4623545,2025.72372,33.44402576,292.3627861,1984.004138,346.3422902,315.8953772,292.3627861,159
3,2085.98973,287.5966429,195.9065233,410.2054833,2049.662702,2006.721523,233.0911122,2015.043341,33.59782681,293.0376745,1989.55643,346.5181611,316.0995398,293.0376745,159
4,2089.323383,288.1380485,196.2196046,410.2054833,2053.215048,2011.142604,233.6046437,2009.974472,33.70875973,293.5708836,1994.119568,346.7960307,316.3974799,293.5708836,159
5,2092.214077,288.591646,196.4910852,410.2054833,2056.242218,2014.82438,234.0323011,2008.749921,33.79147341,294.0200778,1997.908554,347.1223438,316.7350299,294.0200778,159
6,2094.838318,288.9875663,196.7375418,410.2054833,2058.95769,2017.989447,234.3999401,2008.450855,33.86779985,294.4162607,2001.147076,347.4705536,317.0835629,294.4162607,159
7,2099.678871,289.2253594,196.6069143,410.1986277,2063.149721,2022.555378,234.2518281,2011.131705,33.92419593,294.6534292,2005.34897,347.7662414,317.3924494,294.6534292,159
8,2100.887299,289.4281681,196.7200675,410.1986277,2064.403951,2024.363658,234.4612626,2013.201482,33.95596781,294.8650646,2007.451259,348.0351966,317.6661278,294.8650646,159
9,2101.869176,289.5847048,196.8120071,410.1986277,2065.457117,2025.809855,234.6287607,2015.384571,33.98137281,295.0335131,2008.956548,348.26434,317.9024669,295.0335131,159
10,2102.12794,289.6531767,196.8362369,410.1986277,2065.832315,2026.669159,234.7282851,2018.311785,33.99951032,295.1218778,2009.870654,348.4431487,318.0894739,295.1218778,159
11,2099.49796,289.4146716,196.5899743,410.1986277,2063.581335,2025.841972,234.6324805,2025.176483,34.00738877,294.9456283,2009.211762,348.5147943,318.1657022,294.9456283,159
12,2102.692866,289.5814669,197.2729324,410.1223411,2066.521105,2027.763776,235.1786841,2023.513105,33.97648394,295.0798333,2011.009497,348.5947485,318.2560223,295.0798333,159
13,2104.893297,289.8197115,197.4793751,410.1223411,2068.587768,2029.133725,235.3375699,2021.222485,33.98549028,295.2987856,2012.216781,348.7008417,318.380112,295.2987856,159
14,2106.685405,290.0461144,197.6475092,410.1223411,2070.373966,2030.681076,235.5170306,2019.884535,34.00859383,295.5133855,2013.724887,348.8232681,318.5260501,295.5133855,159
15,2108.454816,290.2765089,197.8135139,410.1223411,2072.134777,2032.322528,235.7074051,2018.692134,34.03299558,295.7383957,2015.350017,348.9641436,318.6900018,295.7383957,159
16,2110.033457,290.4909005,197.9616206,410.1223411,2073.730729,2033.922524,235.8929715,2018.098417,34.05666432,295.9501457,2016.95006,349.1147279,318.8623807,295.9501457,159
17,2094.511336,288.5789854,196.6426532,410.0240965,2058.152363,2016.966248,234.1093371,2032.756908,33.66613242,294.1085288,1999.934242,348.0882013,317.7598135,294.1085288,159
18,2099.629734,289.2481722,197.1231926,410.0240965,2063.407077,2021.312871,234.6138498,2020.618911,33.7838907,294.7377055,2004.143291,348.1623169,317.8644148,294.7377055,159
19,2103.204965,289.777262,197.4588522,410.0240965,2067.143162,2025.284251,235.074808,2014.021468,33.87528347,295.2497176,2008.155568,348.3458809,318.0857364,295.2497176,159
20,2106.06297,290.2138007,197.7271753,410.0240965,2070.128481,2028.716372,235.4731744,2010.742407,33.94376348,295.6792939,2011.66017,348.5945295,318.3633436,295.6792939,159
21,2109.820793,290.3395144,197.6159476,410.2001469,2073.051493,2032.470076,235.3758588,2015.193317,33.99610823,295.7889383,2015.295683,348.7981892,318.5857766,295.7889383,159
22,2110.051879,290.4346648,197.6375922,410.2001469,2073.419568,2033.666956,235.5144669,2017.525952,34.01515449,295.8920993,2016.696019,348.9804471,318.7684519,295.8920993,159
23,2109.981299,290.4647401,197.6309813,410.2001469,2073.449577,2034.269258,235.5842182,2020.190424,34.02833645,295.9388403,2017.377959,349.1216161,318.9070347,295.9388403,159
24,2107.185215,290.2024547,197.3690866,410.2001469,2071.015231,2033.237712,235.4647571,2026.706278,34.03034095,295.7327931,2016.517394,349.1595618,318.9418076,295.7327931,159
25,2048.397859,284.3631539,191.8627806,410.2001469,2018.874398,2004.550592,232.1425653,2117.859616,33.99819788,290.8572552,1990.67441,347.8351363,317.5938342,290.8572552,159
26,2073.557429,286.3037062,194.6810815,409.9930009,2037.292037,2001.091202,232.2888308,2062.477795,33.43716219,291.957656,1984.994345,347.417599,316.9654816,291.957656,159
27,2085.157795,287.504755,195.7702106,409.9930009,2048.829346,2006.457919,232.911805,2033.778553,33.50239832,293.0341856,1989.308321,347.2656361,316.8348063,293.0341856,159
28,2091.814431,288.3962613,196.3951854,409.9930009,2055.734281,2012.397402,233.6012667,2017.996083,33.67079926,293.8796043,1995.095095,347.3780081,316.9887643,293.8796043,159
29,2096.36942,289.0850828,196.8228418,409.9930009,2060.531195,2017.663063,234.2125103,2010.042322,33.79933855,294.5485723,2000.435938,347.6279551,317.2898504,294.5485723,159
30,2099.997553,289.6472241,197.1634781,409.9930009,2064.337584,2022.134821,234.7315968,2006.170128,33.89511571,295.1038605,2005.013605,347.9590577,317.6591433,295.1038605,159
31,2105.163601,289.7990392,196.9642474,410.2353772,2068.352208,2027.20246,234.604621,2011.89109,33.97139087,295.2345037,2009.90201,348.2268212,317.9506355,295.2345037,159
32,2105.508093,289.927893,196.9964788,410.2353772,2068.863384,2028.798534,234.7893318,2014.8686,33.99270618,295.3716562,2011.772544,348.4643023,318.1906189,295.3716562,159
33,2105.69214,289.9953779,197.0136988,410.2353772,2069.150268,2029.735354,234.8977484,2017.913637,34.00665992,295.4565562,2012.801745,348.6535751,318.37949,295.4565562,159
34,2103.154811,289.7684394,196.7763001,410.2353772,2066.97852,2028.997641,234.8123742,2024.67535,34.01436669,295.2875103,2012.238285,348.7363405,318.4592943,295.2875103,159
35,2095.940861,289.0001216,196.5777411,410.1268276,2060.885153,2025.797917,234.8332157,2038.678002,33.95017646,294.6518016,2009.438239,348.6693176,318.3649219,294.6518016,159
36,2100.789745,289.3239397,197.0325166,410.1268276,2064.507928,2026.120257,234.8705817,2030.881648,33.90428277,294.8509211,2009.363171,348.6481092,318.3224516,294.8509211,159
37,2104.298199,289.6901966,197.3615736,410.1268276,2067.840266,2027.973965,235.0854661,2024.405137,33.91997326,295.1747828,2011.010333,348.6883703,318.3857647,295.1747828,159
38,2106.844674,290.0141248,197.6004068,410.1268276,2070.40052,2030.148943,235.3375924,2020.407913,33.95707227,295.481659,2013.12859,348.7910164,318.5171931,295.481659,159
39,2108.864983,290.2944845,197.7898911,410.1268276,2072.467376,2032.237825,235.5797384,2018.214267,33.9964478,295.7549696,2015.220106,348.9331483,318.6857999,295.7549696,159
40,2110.8712,290.4750283,197.8558352,410.1486997,2074.280934,2034.255056,235.7625374,2018.480527,34.02663873,295.9322157,2017.235007,349.074814,318.8519087,295.9322157,159
41,2111.531315,290.5991512,197.917709,410.1486997,2075.030743,2035.452521,235.9013192,2019.341696,34.0456545,296.0633371,2018.543558,349.2100287,319.0028332,296.0633371,159
42,2111.613794,290.6458569,197.9254399,410.1486997,2075.219165,2036.11687,235.9783147,2021.17296,34.05677772,296.1246158,2019.269798,349.3193994,319.1229191,296.1246158,159
43,2108.94455,290.3998426,197.6752468,410.1486997,2072.911248,2035.177613,235.8694583,2027.112163,34.05943918,295.9322202,2018.496514,349.3403963,319.1481932,295.9322202,159
44,2100.76915,289.5815123,197.0230997,410.1227343,2065.670204,2031.362086,235.5322443,2041.09597,33.99062263,295.2450925,2015.151695,349.2084017,319.0013761,295.2450925,159
45,2105.693247,289.8810227,197.4849119,410.1227343,2069.327635,2031.232794,235.5172532,2032.779434,33.94378906,295.4150494,2014.509443,349.1533523,318.9140736,295.4150494,159
46,2108.995997,290.2130952,197.7946642,410.1227343,2072.453503,2032.746988,235.6928208,2026.059805,33.95171197,295.7050735,2015.795268,349.1571034,318.9369083,295.7050735,159
47,2111.267306,290.5000027,198.0076815,410.1227343,2074.739092,2034.617837,235.9097419,2021.988632,33.98402544,295.974925,2017.606363,349.2284496,319.0300074,295.974925,159
48,2113.016625,290.7446355,198.1717435,410.1227343,2076.532779,2036.423582,236.1191143,2019.662719,34.01923163,296.2123097,2019.415078,349.3397548,319.1621364,296.2123097,159
49,2114.452044,290.890545,198.2542657,410.1468978,2077.818501,2037.832292,236.2021896,2019.96263,34.04469447,296.3548305,2020.81146,349.4533253,319.2934232,296.3548305,159
50,2114.865496,290.9853002,198.2930316,410.1468978,2078.324357,2038.829038,236.317721,2020.710289,34.05973649,296.455929,2021.950989,349.5612178,319.4120745,296.455929,159
51,2114.77658,291.0085093,198.2846948,410.1468978,2078.335532,2039.314347,236.3739725,2022.3753,34.06685156,296.4926436,2022.500263,349.6454111,319.5032514,296.4926436,159
52,2112.133547,290.7590374,198.0368799,410.1468978,2076.029747,2038.296707,236.2560193,2027.885421,34.06606614,296.2932251,2021.639146,349.6473625,319.507004,296.2932251,159
53,2103.653067,289.9181712,197.3185277,410.1234737,2068.529948,2034.365949,235.8829036,2041.921295,33.99383892,295.5847004,2018.204918,349.4938692,319.339614,295.5847004,159
54,2108.50804,290.2026933,197.7739146,410.1234737,2072.106859,2034.088365,235.8507181,2033.490202,33.94666066,295.7388777,2017.365398,349.4283299,319.2339293,295.7388777,159
55,2111.636296,290.5126778,198.0673389,410.1234737,2075.064209,2035.434486,236.0067996,2026.779356,33.95174897,296.0082186,2018.481052,349.417255,319.2386252,296.0082186,159
56,2113.706429,290.7745304,198.2615133,410.1234737,2077.152333,2037.123375,236.2026247,2022.844196,33.98287654,296.2533362,2020.112782,349.4735882,319.3125384,296.2533362,159
57,2115.290486,290.9970326,198.4100947,410.1234737,2078.777701,2038.757608,236.3921126,2020.546105,34.01588097,296.46889,2021.750436,349.5690069,319.4255786,296.46889,159
58,2116.525878,291.1249104,198.4610908,410.1476047,2079.878556,2040.019564,236.4499923,2020.825907,34.04132768,296.5931357,2023.013855,349.6754749,319.5388506,296.5931357,159
59,2116.848344,291.2043674,198.4913276,410.1476047,2080.288052,2040.871176,236.548699,2021.504943,34.05286937,296.6785849,2023.980198,349.7582961,319.6409717,296.6785849,159
60,2116.697271,291.2172327,198.4771619,410.1476047,2080.229706,2041.24872,236.5924585,2023.063316,34.05858122,296.7041198,2024.416532,349.8338862,319.7179213,296.7041198,159
61,2114.209209,290.9804484,198.2438628,410.1476047,2078.050486,2040.251319,236.4768539,2028.135211,34.05678857,296.5133509,2023.563586,349.8304843,319.7147456,296.5133509,159
62,2105.76007,290.150722,197.5239628,410.1260881,2070.579858,2036.277048,236.0955969,2041.900245,33.98673735,295.8141499,2020.071647,349.6743378,319.5449985,295.8141499,159
63,2110.469921,290.4252644,197.965755,410.1260881,2074.035265,2035.979757,236.0611275,2033.599565,33.94087487,295.9605801,2019.244237,349.6062029,319.4362571,295.9605801,159
64,2113.419277,290.7171586,198.2424097,410.1260881,2076.826674,2037.234516,236.2066102,2027.124436,33.94522744,296.2138034,2020.279844,349.5896878,319.4345152,296.2138034,159
65,2115.352248,290.9620722,198.4237257,410.1260881,2078.778356,2038.811046,236.3894006,2023.337315,33.9756937,296.442943,2021.802827,349.6388649,319.4996512,296.442943,159
66,2116.815041,291.1685383,198.5609383,410.1260881,2080.281843,2040.329484,236.5654556,2021.151827,34.00726581,296.6427814,2023.325572,349.724652,319.6023435,296.6427814,159
67,2117.928891,291.2848676,198.599424,410.1496632,2081.273037,2041.488603,236.6152384,2021.409843,34.02953587,296.7556183,2024.489217,349.8137026,319.7054195,296.7556183,159
68,2118.202601,291.3556076,198.6250899,410.1496632,2081.628533,2042.257736,236.7043835,2022.065882,34.04178463,296.8321016,2025.361264,349.8982554,319.798143,296.8321016,159
69,2118.029206,291.3636831,198.6088306,410.1496632,2081.542305,2042.580762,236.7418232,2023.535088,34.04659803,296.8521422,2025.739446,349.9597679,319.8672392,296.8521422,159
70,2115.735028,291.1446076,198.3937042,410.1496632,2079.529534,2041.648481,236.6337687,2028.191839,34.04438704,296.6751279,2024.939482,349.9498731,319.8628334,296.6751279,159
71,2108.135088,290.3961835,197.7480454,410.1302719,2072.798312,2038.023923,236.287468,2040.59763,33.98188386,296.0429973,2021.742737,349.813851,319.707678,296.0429973,159
72,2112.417709,290.6487326,198.1497653,410.1302719,2075.953136,2037.787294,236.2600334,2033.002324,33.93992686,296.1799786,2021.032031,349.7528198,319.6103133,296.1799786,159
73,2115.095434,290.9150889,198.4009423,410.1302719,2078.490725,2038.944706,236.3942232,2027.122873,33.94498942,296.411497,2021.992808,349.7400805,319.6102888,296.411497,159
74,2116.85588,291.1386567,198.5660763,410.1302719,2080.268816,2040.388133,236.5615734,2023.70267,33.97491507,296.6207983,2023.388511,349.7910574,319.670962,296.6207983,159
75,2118.194242,291.3275614,198.6916178,410.1302719,2081.644011,2041.777913,236.7227037,2021.708153,34.0026652,296.8036633,2024.782384,349.8641092,319.7657358,296.8036633,159
76,2119.215147,291.4334557,198.7228513,410.1522021,2082.552161,2042.848727,236.7669699,2021.96482,34.02310369,296.9064763,2025.857565,349.9481924,319.8605292,296.9064763,159
77,2119.455368,291.4968295,198.7453774,410.1522021,2082.868299,2043.542857,236.8474197,2022.595708,34.03419663,296.975332,2026.643801,350.026055,319.9454116,296.975332,159
78,2119.28003,291.5022046,198.7289355,410.1522021,2082.773512,2043.825109,236.8801328,2023.977026,34.03910012,296.9918907,2026.976723,350.0856506,320.0081773,296.9918907,159
79,2117.277049,291.3107707,198.5411122,410.1522021,2081.015024,2043.011194,236.7857998,2028.09566,34.03757951,296.8372609,2026.278557,350.0840521,320.0059775,296.8372609,159
80,2110.46542,290.6406501,197.9618462,410.1349438,2074.990677,2039.780367,236.4759722,2039.250156,33.98120742,296.2721694,2023.429529,349.9583767,319.868806,296.2721694,159
81,2114.311919,290.8677685,198.3226481,410.1349438,2077.820495,2039.573578,236.4519988,2032.444958,33.94384572,296.3954308,2022.801571,349.9035384,319.7826701,296.3954308,159
82,2116.724628,291.1079382,198.5489604,410.1349438,2080.106597,2040.620223,236.5733384,2027.166005,33.94828108,296.6042667,2023.671806,349.892755,319.7838762,296.6042667,159
83,2118.317055,291.3100652,198.6983302,410.1349438,2081.714385,2041.925626,236.7246765,2024.087398,33.97516123,296.7935076,2024.934073,349.9354778,319.8396017,296.7935076,159
84,2119.5345,291.481545,198.8125267,410.1349438,2082.964284,2043.185797,236.8707708,2022.293324,34.00068874,296.9594908,2026.197518,350.0070003,319.9260799,296.9594908,159
85,2120.463817,291.5777087,198.8409176,410.1547106,2083.7932,2044.163014,236.9113025,2022.524595,34.01919905,297.0529969,2027.177877,350.0816532,320.012483,297.0529969,159
86,2120.671244,291.6340796,198.8603685,410.1547106,2084.070477,2044.786816,236.983599,2023.121207,34.02937331,297.1145794,2027.885529,350.1516163,320.0895034,297.1145794,159
87,2120.489769,291.6364929,198.8433511,410.1547106,2083.963793,2045.029067,237.011675,2024.412185,34.0336743,297.1274469,2028.17455,350.2036987,320.1458205,297.1274469,159
88,2118.733972,291.4683307,198.6787059,410.1547106,2082.42058,2044.3128,236.9286622,2028.051874,34.03202593,296.9914924,2027.559644,350.2017866,320.1446376,296.9914924,159
89,2112.616687,290.8676353,198.1579626,410.1395267,2077.019341,2041.431871,236.6515628,2038.085725,33.98140394,296.4858635,2025.021227,350.0897847,320.0228412,296.4858635,159
90,2116.070497,291.0710808,198.481921,410.1395267,2079.554085,2041.242036,236.6295563,2031.989035,33.94753748,296.5957719,2024.454957,350.0415272,319.9458274,296.5957719,159
91,2118.243212,291.2871766,198.685716,410.1395267,2081.611749,2042.18279,236.7386125,2027.243274,33.95184661,296.7836156,2025.236834,350.0325338,319.9472713,296.7836156,159
92,2119.682601,291.4696322,198.820727,410.1395267,2083.06417,2043.359915,236.87507,2024.467747,33.97591424,296.9544043,2026.374688,350.0713846,319.9978164,296.9544043,159
93,2120.787113,291.6249053,198.9243274,410.1395267,2084.197317,2044.49942,237.0071663,2022.844683,33.99932823,297.1046294,2027.51673,350.1369348,320.0761562,297.1046294,159
94,2121.62426,291.7121046,198.9507037,410.1573684,2084.94529,2045.383065,237.0444151,2023.051339,34.01606876,297.1895255,2028.403638,350.2047279,320.1544743,297.1895255,159
95,2121.800191,291.7618733,198.9672013,410.1573684,2085.18614,2045.940997,237.1090752,2023.612766,34.02533361,297.2442538,2029.037488,350.268405,320.2239601,297.2442538,159
96,2121.608798,291.7610934,198.9492538,410.1573684,2085.064607,2046.143757,237.1325736,2024.825073,34.02910824,297.2533053,2029.283587,350.3154256,320.2740141,297.2533053,159
97,2120.043356,291.6105793,198.8024578,410.1573684,2083.686319,2045.498252,237.0577644,2028.078724,34.02734358,297.1313436,2028.727942,350.314272,320.2726166,297.1313436,159
98,2091.299559,289.0724593,196.1539643,410.1440582,2059.839197,2035.574439,235.9584287,2073.100509,33.98215918,295.1760454,2020.452546,349.9554749,319.9063351,295.1760454,159
99,2061.313321,285.3932456,193.3413976,410.1440582,2029.781543,2011.91245,233.2155932,2118.135418,33.79798958,291.7224277,1997.658703,348.8902197,318.4955358,291.7224277,159
100,2044.147111,282.8150164,191.7312886,410.1440582,2011.41172,1991.412677,230.8393135,2132.598662,33.37389499,289.133439,1976.894238,347.1658922,316.8095506,289.133439,159
101,2025.298893,280.2326912,189.9634153,410.1440582,1992.449265,1971.772184,228.5626392,2143.980835,33.04555546,286.5521809,1957.117791,345.3970159,314.9383919,286.5521809,159
102,2013.820668,278.4167048,188.8868123,410.1440582,1980.030356,1956.144296,226.7510956,2140.722837,32.74523908,284.7126049,1941.074951,343.6946562,313.1375492,284.7126049,159
103,1987.877056,276.7965449,186.1542842,409.7814105,1956.367615,1932.065441,224.13083,2129.718816,32.55523204,283.1799825,1917.815042,342.1623388,311.4628161,283.1799825,159
104,1976.514074,275.1983714,185.0902004,409.7814105,1944.864472,1919.211936,222.6397486,2132.768853,32.37962747,281.6190054,1904.313835,340.7012752,310.212111,281.6190054,159
105,1964.500717,273.6018175,183.9652123,409.7814105,1932.801588,1906.759829,221.1952318,2135.696435,32.22023893,280.0457378,1891.803942,339.3102176,308.9177216,280.0457378,159
106,1952.513088,272.0289394,182.8426336,409.7814105,1920.766723,1894.645494,219.7898985,2136.79159,32.07309151,278.4951835,1879.70447,337.9752226,307.5897176,278.4951835,159
107,1940.480104,270.4632348,181.7158076,409.7814105,1908.713119,1882.684408,218.4023429,2137.256377,31.9325644,276.9509053,1867.780724,336.6733304,306.2401438,276.9509053,159
108,1914.982672,268.6014139,179.2727527,409.9301521,1884.68523,1860.966356,215.8411899,2141.878538,31.80800678,275.1686629,1846.798418,335.4221216,304.8284278,275.1686629,159
109,1914.312468,268.0531931,179.210011,409.9301521,1882.472063,1853.31385,214.9536263,2125.820535,31.66580364,274.4093948,1838.222887,334.3922624,303.5759331,274.4093948,159
110,1920.029874,268.3958727,179.7452508,409.9301521,1886.938704,1852.199491,214.8243792,2098.743675,31.63418005,274.5388939,1836.422567,333.7184675,302.6348582,274.5388939,159
111,1927.978608,269.1957268,180.4893784,409.9301521,1894.176263,1855.569829,215.2152824,2070.429825,31.72836701,275.1576029,1839.334107,333.4055224,302.046035,275.1576029,159
112,1935.386286,270.0934497,181.1828545,409.9301521,1901.365835,1860.947756,215.8390327,2046.973255,31.90320542,275.9081531,1844.513825,333.3796839,301.7655333,275.9081531,159
113,1928.494039,269.7732915,180.2920839,410.134428,1895.663995,1859.323992,215.4207244,2048.869791,32.10461888,275.653274,1843.309581,333.3363981,301.5109934,275.653274,159
114,1924.188674,269.3661314,179.8895817,410.134428,1891.669333,1857.377285,215.1951795,2051.181982,32.17758183,275.2725073,1841.610558,333.2516651,301.2453417,275.2725073,159
115,1919.936573,268.8867226,179.492059,410.134428,1887.556512,1854.329756,214.8420937,2054.230139,32.21087493,274.8190064,1838.721236,333.1047645,300.9539207,274.8190064,159
116,1915.487156,268.3496951,179.0760895,410.134428,1883.200439,1850.634669,214.413982,2057.60315,32.22830094,274.3086351,1835.124504,332.8914345,300.629324,274.3086351,159
117,1910.65266,267.7519706,178.6241195,410.134428,1878.452127,1846.41932,213.925593,2061.452518,32.23374582,273.7375668,1830.985334,332.6115529,300.265245,273.7375668,159
118,1910.447474,267.8393215,179.0910746,410.0900083,1878.25068,1843.832749,214.2617069,2053.201661,32.23575396,273.7349801,1828.223957,332.4342529,299.9895947,273.7349801,159
119,1917.998862,268.5662349,179.7989643,410.0900083,1884.951268,1847.077977,214.6388171,2036.845333,32.30108021,274.3137289,1830.984356,332.4494625,299.9076688,274.3137289,159
120,1927.056998,269.5939246,180.6481011,410.0900083,1893.547426,1853.130292,215.3421234,2019.229107,32.43411831,275.2164154,1836.719954,332.6726805,300.0484461,275.2164154,159
121,1936.331952,270.7407846,181.5175632,410.0900083,1902.615849,1860.725826,216.2247589,2003.568483,32.61381134,276.2673848,1844.139709,333.088463,300.3959812,276.2673848,159
122,1945.388004,271.9156134,182.3665046,410.0900083,1911.60807,1868.993676,217.1855204,1991.048919,32.81938977,277.3710677,1852.328892,333.6614521,300.9152478,277.3710677,159
123,1952.860857,272.484771,182.6405767,410.2412279,1918.877577,1877.710161,218.0309048,1992.830288,33.02443334,277.9490179,1860.922483,334.1875075,301.4489531,277.9490179,159
124,1955.510628,272.9572337,182.8883955,410.2412279,1921.760837,1882.139947,218.5452708,1994.908172,33.15092387,278.4346108,1865.690358,334.6938438,301.9608553,278.4346108,159
125,1957.886481,273.3371725,183.1105962,410.2412279,1924.291426,1885.569359,218.943478,1998.028458,33.24746447,278.833169,1869.245714,335.1490841,302.4401875,278.833169,159
126,1960.167853,273.6700147,183.3239607,410.2412279,1926.655033,1888.407418,219.2730201,2003.710665,33.32328638,279.1908015,1872.142351,335.5572266,302.994135,279.1908015,159
127,1962.036366,273.9420767,183.4987126,410.2412279,1928.609405,1890.742231,219.5441277,2008.509669,33.37853828,279.487687,1874.519351,335.916511,303.4660184,279.487687,159
128,1971.00596,274.6059776,184.8755177,410.180579,1937.107084,1897.414952,220.8718067,2005.835469,33.42177232,280.1084409,1880.890958,336.2981143,303.9697508,280.1084409,159
129,1978.676538,275.5220936,185.5949991,410.180579,1944.435903,1903.485902,221.5785059,2000.034063,33.50609194,280.9660346,1886.88808,336.7731488,304.5604364,280.9660346,159
130,1986.71318,276.5270475,186.3488164,410.180579,1952.330618,1910.477315,222.3923532,1994.187933,33.62082381,281.9267718,1893.763508,337.3348069,305.2397185,281.9267718,159
131,1994.605602,277.5488069,187.0891062,410.180579,1960.182629,1917.845502,223.2500595,1989.545704,33.74560675,282.9177802,1901.065274,337.9701643,305.9883974,282.9177802,159
132,2002.165738,278.5499372,187.7982284,410.180579,1967.759735,1925.24394,224.1112872,1986.367524,33.87000883,283.8987015,1908.437257,338.660511,306.7816267,283.8987015,159
133,2012.277727,279.2649229,188.6838837,410.2313251,1977.2434,1935.013368,225.1855641,1989.264386,33.98322181,284.6287902,1917.970856,339.2890398,307.5329656,284.6287902,159
134,2016.675869,279.9201413,189.0962814,410.2313251,1981.766782,1940.513847,225.8256777,1991.785375,34.06623302,285.2952319,1923.83296,339.89999,308.2365174,285.2952319,159
135,2020.774387,280.5021189,189.4805843,410.2313251,1985.981146,1945.336261,226.3868821,1994.356013,34.13332287,285.8906404,1928.736516,340.4689205,308.8860197,285.8906404,159
136,2024.469858,281.0172744,189.827095,410.2313251,1989.774397,1949.55809,226.878194,1997.095245,34.18668011,286.4201068,1932.999926,340.9934049,309.4786165,286.4201068,159
137,2027.73816,281.4702159,190.1335517,410.2313251,1993.129996,1953.265141,227.3095989,1999.86091,34.23008351,286.887606,1936.737401,341.473206,310.0138676,286.887606,159
138,2036.168642,282.0379088,191.0597526,410.1878314,2000.978192,1960.421458,228.1447336,1999.743084,34.26102505,287.4475614,1943.616739,341.9143049,310.5358123,287.4475614,159
139,2041.213374,282.6773337,191.5331148,410.1878314,2005.916822,1965.055871,228.684065,1998.403512,34.30265975,288.0692942,1948.336905,342.3742104,311.0661497,288.0692942,159
140,2046.219248,283.3237887,192.0028309,410.1878314,2010.905917,1969.850164,229.2420026,1997.116264,34.3524307,288.7039583,1953.100095,342.8447087,311.6061155,288.7039583,159
141,2051.007654,283.9533901,192.4521412,410.1878314,2015.711075,1974.588733,229.7934552,1996.272589,34.40345385,289.3265065,1957.817745,343.3235047,312.1492195,289.3265065,159
142,2055.508548,284.5533788,192.8744735,410.1878314,2020.24777,1979.160963,230.32555,1995.9633,34.45161565,289.9230063,1962.383374,343.8048436,312.6871075,289.9230063,159
143,2062.624458,285.0117658,193.4383976,410.1869735,2026.886546,1986.298832,230.8992172,1998.234853,34.4869848,290.3957326,1969.395905,344.2282854,313.1856185,290.3957326,159
144,2065.768807,285.4412211,193.733283,410.1869735,2030.071476,1989.691375,231.2935866,2000.122547,34.51314104,290.8326494,1972.838215,344.6334971,313.6469315,290.8326494,159
145,2068.632429,285.8316762,194.0018411,410.1869735,2032.98793,1992.801395,231.6551139,2001.752229,34.53426571,291.2306745,1975.964287,345.0089005,314.0716673,291.2306745,159
146,2071.233529,286.1862019,194.2457792,410.1869735,2035.638072,1995.628918,231.983802,2003.342405,34.54827327,291.5927051,1978.804493,345.356429,314.4610191,291.5927051,159
147,2073.584224,286.5068679,194.4662336,410.1869735,2038.034714,1998.192305,232.2817854,2004.872358,34.55790783,291.9207137,1981.379781,345.6773227,314.8165381,291.9207137,159
148,2078.753913,286.8492977,194.9876655,410.1589419,2042.834832,2002.797286,232.686887,2005.365629,34.55725975,292.2647872,1985.881809,345.9641098,315.1538204,292.2647872,159
149,2081.51103,287.2070243,195.2462838,410.1589419,2045.566172,2005.466639,232.9970148,2005.621142,34.56133023,292.6191411,1988.612439,346.2507219,315.4818988,292.6191411,159
150,2084.166169,287.5555315,195.4953366,410.1589419,2048.230868,2008.118208,233.3050766,2005.706289,34.57086866,292.9660007,1991.257633,346.5315939,315.8018894,292.9660007,159
151,2086.673855,287.8882849,195.7305582,410.1589419,2050.757842,2010.670622,233.6016185,2005.923038,34.57861153,293.2985319,1993.805138,346.8072131,316.1124502,293.2985319,159
152,2089.022827,288.2024813,195.9508924,410.1589419,2053.13057,2013.096362,233.8834433,2006.279467,34.58502102,293.6135459,1996.230228,347.0762007,316.4118462,293.6135459,159
153,2092.746748,288.442084,196.2612103,410.1525819,2056.595637,2016.736949,234.1383939,2007.632591,34.58479562,293.8629401,1999.808137,347.3078034,316.6847423,293.8629401,159
154,2093.983928,288.6291252,196.3772351,410.1525819,2057.901249,2018.375096,234.3285789,2009.511313,34.57908007,294.0610776,2001.549773,347.5175712,316.9249568,294.0610776,159
155,2094.514426,288.7305597,196.426986,410.1525819,2058.543523,2019.477437,234.456558,2012.054628,34.56980478,294.1804884,2002.705749,347.6878679,317.1202515,294.1804884,159
156,2093.023316,288.6118543,196.2871473,410.1525819,2057.327036,2019.318851,234.4381466,2017.351612,34.55052189,294.1055356,2002.670115,347.7793675,317.2318213,294.1055356,159
157,2081.725896,287.4779809,195.2276568,410.1525819,2047.263883,2013.815334,233.7992013,2037.357638,34.50486422,293.1552354,1997.717044,347.5760498,317.0280469,293.1552354,159
158,2086.577188,287.7927156,195.7526909,410.037844,2050.769094,2013.358724,233.7411178,2027.919686,34.36534872,293.3323012,1996.851878,347.5167399,316.9373961,293.3323012,159
159,2090.609298,288.1823642,196.1309642,410.037844,2054.52523,2015.054064,233.9379384,2020.312939,34.33920496,293.6731076,1998.25293,347.5328013,316.9712932,293.6731076,159
160,2093.560201,288.5417604,196.4078038,410.037844,2057.45893,2017.340458,234.2033776,2015.659987,34.35862809,294.0036372,2000.444555,347.6266151,317.0886639,294.0036372,159
161,2096.250877,288.8934687,196.6602301,410.037844,2060.147036,2019.808721,234.4899309,2012.186104,34.37880919,294.3415743,2002.883909,347.7771371,317.2661018,294.3415743,159
162,2098.555286,289.2115943,196.8764187,410.037844,2062.48868,2022.186182,234.7659425,2010.1714,34.39740153,294.6525967,2005.267149,347.962913,317.4771804,294.6525967,159
163,2101.298696,289.3911827,197.0108918,410.1487777,2064.898197,2024.959341,234.8728808,2011.497425,34.40950171,294.8305194,2007.997911,348.1341781,317.6725751,294.8305194,159
164,2102.121021,289.5320258,197.0879903,410.1487777,2065.806019,2026.261286,235.0238919,2012.719006,34.40925624,294.9778188,2009.398972,348.295935,317.8484716,294.9778188,159
165,2102.6825,289.628694,197.1406328,410.1487777,2066.432153,2027.208359,235.133742,2014.322883,34.4025644,295.0845446,2010.387682,348.4356061,318.0010429,295.0845446,159
166,2102.668619,289.6549112,197.1393313,410.1487777,2066.510908,2027.684028,235.1889143,2016.591629,34.39534497,295.1266833,2010.909903,348.5426917,318.1150265,295.1266833,159
167,2101.149057,289.5151459,196.9968622,410.1487777,2065.199671,2027.19554,235.1322551,2020.84284,34.374591,295.0212812,2010.519368,348.5863728,318.1618675,295.0212812,159
168,2103.426747,289.6833056,197.2657177,410.253777,2067.140547,2028.117166,235.203995,2019.058113,34.33814409,295.1586919,2011.283476,348.651959,318.2335783,295.1586919,159
169,2105.271776,289.8923622,197.4387501,410.253777,2068.907258,2029.396121,235.3523175,2017.08019,34.33125291,295.3519923,2012.55698,348.741232,318.3384659,295.3519923,159
170,2106.907542,290.0984978,197.5921572,410.253777,2070.53388,2030.848914,235.5208002,2015.707401,34.3343712,295.550502,2013.98568,348.8516969,318.4676944,295.550502,159
171,2108.358739,290.2913046,197.7282548,410.253777,2071.997512,2032.288759,235.6877814,2014.964625,34.33906501,295.7398894,2015.41922,348.9758674,318.6123364,295.7398894,159
172,2109.679359,290.4704004,197.8521065,410.253777,2073.335012,2033.658974,235.8466874,2014.668218,34.34243314,295.9177882,2016.791251,349.1077198,318.7614837,295.9177882,159
173,2111.541386,290.5825157,198.0471118,410.1451739,2075.090994,2035.545987,236.0151513,2015.749961,34.34224181,296.0339239,2018.628901,349.2225052,318.8982653,296.0339239,159
174,2112.00225,290.6649872,198.0903375,410.1451739,2075.59481,2036.352642,236.1086804,2016.862174,34.3378466,296.122755,2019.500115,349.3260337,319.0162467,296.122755,159
175,2112.140461,290.7031115,198.1033006,410.1451739,2075.794122,2036.836632,236.1647976,2018.369434,34.32880937,296.1709384,2020.018819,349.4082247,319.110782,296.1709384,159
176,2111.414008,290.6436351,198.0351646,410.1451739,2075.19185,2036.733429,236.1528315,2021.015574,34.31890103,296.1320196,2019.974129,349.452522,319.1639555,296.1320196,159
177,2097.844017,289.2939416,196.7623989,410.1451739,2063.165157,2030.188416,235.3939578,2043.139327,34.29342562,295.0053367,2014.092759,349.1652564,318.8742949,295.0053367,159
178,2103.771875,289.7249068,197.3849464,410.092948,2067.519606,2029.696112,235.4650799,2030.950063,34.13882948,295.2531216,2013.11109,349.0791625,318.7484276,295.2531216,159
179,2107.181837,290.0656589,197.7048838,410.092948,2070.814636,2031.176193,235.6367842,2023.723648,34.14359811,295.5546382,2014.268957,349.0662094,318.7494467,295.5546382,159
180,2109.533461,290.36123,197.9255233,410.092948,2073.179357,2033.056273,235.8548922,2019.082854,34.17357836,295.8335543,2016.076888,349.1274608,318.8316797,295.8335543,159
181,2111.311066,290.6113489,198.0923058,410.092948,2075.003946,2034.883292,236.0668448,2016.628101,34.19676168,296.0761377,2017.906836,349.2318348,318.9600315,296.0761377,159
182,2112.801903,290.8282019,198.2321825,410.092948,2076.538405,2036.54511,236.2596323,2015.344929,34.21451969,296.2898371,2019.589775,349.3624651,319.1107357,296.2898371,159
183,2114.658567,290.9184211,198.2943952,410.1538299,2078.061905,2038.425243,236.2905157,2017.26593,34.22641826,296.3758409,2021.441635,349.4739177,319.2386718,296.3758409,159
184,2114.903521,290.9798103,198.3173649,410.1538299,2078.376842,2039.102153,236.3689818,2018.57188,34.22661949,296.4433258,2022.205453,349.5736863,319.3463896,296.4433258,159
185,2114.855782,290.9962057,198.3128883,410.1538299,2078.393209,2039.436397,236.4077267,2020.243207,34.22094473,296.4705889,2022.581916,349.6498715,319.4289895,296.4705889,159
186,2113.644231,290.8843088,198.1992796,410.1538299,2077.342689,2039.026782,236.3602449,2023.493701,34.21136198,296.3849055,2022.250055,349.6785045,319.4602342,296.3849055,159
187,2075.495277,287.1013594,194.6220005,410.1538299,2043.560889,2020.566826,234.2204007,2082.414263,34.18868117,293.233943,2005.648143,348.8161843,318.5826876,293.233943,159
188,2092.182483,288.4043778,196.40665,410.0392539,2055.779405,2018.510182,234.2871584,2046.427764,33.802414,293.9841539,2002.141952,348.5585555,318.1921739,293.9841539,159
189,2099.484737,289.1694271,197.0921596,410.0392539,2063.105525,2021.978778,234.689756,2028.226627,33.85469504,294.6760553,2004.94474,348.4679873,318.1218475,294.6760553,159
190,2103.720586,289.7390566,197.4898061,410.0392539,2067.501911,2025.786196,235.1316806,2018.408436,33.95524154,295.217433,2008.658744,348.5457399,318.2315621,295.217433,159
191,2106.662399,290.183042,197.765973,410.0392539,2070.594137,2029.174416,235.5249491,2013.294721,34.02700194,295.6499068,2012.095172,348.7114259,318.4342068,295.6499068,159
192,2109.091877,290.5600098,197.9940438,410.0392539,2073.146243,2032.171602,235.8728304,2010.57143,34.07774945,296.0221842,2015.169322,348.9388166,318.6769835,296.0221842,159
193,2112.382292,290.6493747,197.8599875,410.1984799,2075.648342,2035.405169,235.7256773,2014.965691,34.11843507,296.0970501,2018.276843,349.1039291,318.8720073,296.0970501,159
194,2112.55077,290.7231424,197.8757682,410.1984799,2075.922803,2036.351423,235.8352654,2017.209884,34.12179484,296.1773716,2019.398102,349.255374,319.0298612,296.1773716,159
195,2112.608873,290.7576485,197.8812105,410.1984799,2076.04618,2036.884886,235.8970472,2019.417861,34.12377797,296.2242148,2019.989485,349.3757523,319.1521093,296.2242148,159
196,2111.348085,290.6458097,197.7631167,410.1984799,2074.969371,2036.552752,235.8585819,2023.298231,34.12092011,296.1433254,2019.747398,349.4362776,319.2125749,296.1433254,159
197,2049.585715,284.5418837,191.9780361,410.1984799,2020.32426,2006.813719,232.4144255,2119.119334,34.10351175,291.0617672,1993.02542,348.0665979,317.8224572,291.0617672,159
198,2077.66912,286.7490671,195.0762334,409.9936791,2041.110416,2004.141965,232.6522737,2058.830876,33.51641449,292.3626488,1987.959859,347.6845286,317.2223919,292.3626488,159
199,2087.332666,287.7979366,195.9835618,409.9936791,2051.146022,2009.056809,233.222817,2033.933635,33.59668115,293.2864091,1991.934427,347.5015975,317.0693914,293.2864091,159
200,2092.529974,288.5258031,196.4715467,409.9936791,2056.647327,2014.059457,233.803553,2020.375617,33.74166487,293.9778418,1996.847475,347.5597846,317.164635,293.9778418,159
201,2095.993724,289.0710229,196.7967647,409.9936791,2060.340466,2018.320004,234.2981416,2013.692047,33.85218563,294.5083323,2001.19745,347.7388913,317.3859048,294.5083323,159
202,2098.740253,289.5090502,197.0546414,409.9936791,2063.242623,2021.85223,234.7081827,2010.483832,33.92622067,294.9413439,2004.830577,347.984923,317.6655352,294.9413439,159
203,2104.33756,289.7295107,197.0375835,410.2275848,2067.573096,2026.176858,234.6743136,2012.588777,33.97953801,295.1613278,2008.879795,348.2226599,317.9226234,295.1613278,159
204,2105.109892,289.9163624,197.1099,410.2275848,2068.513947,2028.168212,234.9049547,2014.062003,34.00875305,295.3548311,2011.223257,348.450968,318.1561576,295.3548311,159
205,2105.769746,290.046065,197.1716848,410.2275848,2069.272462,2029.553835,235.0654393,2016.028256,34.03475841,295.4968871,2012.702757,348.6521409,318.3579988,295.4968871,159
206,2105.11129,290.020531,197.110031,410.2275848,2068.814827,2029.945631,235.1108176,2019.723349,34.04866615,295.5041816,2013.19722,348.7909483,318.4985066,295.5041816,159
207,2101.742846,289.5991563,197.1229605,410.1455117,2066.196707,2029.676123,235.3079201,2029.541987,34.02318005,295.1716855,2013.251218,348.8365284,318.5237539,295.1716855,159
208,2105.334022,289.8602384,197.4597778,410.1455117,2068.979454,2030.260288,235.3756445,2025.089587,33.99370459,295.3544132,2013.425195,348.8775132,318.5687049,295.3544132,159
209,2108.025772,290.1500158,197.7122377,410.1455117,2071.552455,2031.821184,235.556605,2021.204337,34.00927529,295.6201768,2014.836431,348.9673212,318.6761391,295.6201768,159
210,2109.795146,290.3845564,197.8781876,410.1455117,2073.362333,2033.471469,235.7479287,2019.551007,34.03652998,295.8442854,2016.460422,349.079828,318.8140092,295.8442854,159
211,2111.428699,290.6063492,198.031399,410.1455117,2075.011011,2035.104016,235.937196,2018.258719,34.06055722,296.0632915,2018.091769,349.2148505,318.9715079,296.0632915,159
212,2113.294246,290.7627933,198.1499067,410.1493208,2076.725167,2036.905997,236.131528,2018.625999,34.07971168,296.2197244,2019.89813,349.3438185,319.1241117,296.2197244,159
213,2113.951847,290.8773655,198.2115657,410.1493208,2077.44722,2037.960768,236.2538039,2019.41872,34.09376148,296.3402065,2021.041535,349.4652322,319.2628212,296.3402065,159
214,2114.208272,290.9370917,198.235609,410.1493208,2077.779198,2038.634319,236.3318863,2020.847307,34.1012328,296.4106015,2021.759805,349.565923,319.3773334,296.4106015,159
215,2113.214036,290.8582147,198.1423859,410.1493208,2076.959685,2038.501754,236.3165185,2023.960881,34.10259142,296.3597572,2021.710226,349.6196046,319.4399691,296.3597572,159
216,2090.140882,288.7923884,196.0300507,409.8441093,2057.943093,2030.99484,235.4899938,2061.994449,34.06747235,294.7802872,2015.558509,349.3771626,319.1930849,294.7802872,159
217,2060.080678,285.2396485,193.2107655,409.8441093,2028.404662,2009.058706,232.9465407,2108.100614,33.91310815,291.504134,1994.634063,348.4311434,317.9406098,291.504134,159
218,2041.700152,282.6013644,191.4868934,409.8441093,2009.098293,1988.865385,230.6051635,2126.978461,33.5110172,288.8479279,1974.337324,346.7868508,316.3448321,288.8479279,159
219,2026.42779,280.3742225,190.0545297,409.8441093,1993.260057,1971.09961,228.5452556,2132.868154,33.17099762,286.6558754,1956.292762,345.1674956,314.6392386,286.6558754,159
220,2013.495574,278.4848833,188.8416435,409.8441093,1979.849972,1955.738711,226.7641886,2132.688673,32.90521972,284.7549257,1940.660011,343.5262896,312.9370375,284.7549257,159
221,1989.741818,277.0089027,186.938385,409.7728316,1958.0104,1933.103994,224.7560415,2123.206493,32.6928345,283.3376035,1918.830783,342.1042663,311.3674177,283.3376035,159
222,1979.374714,275.533705,185.9643844,409.7728316,1947.523107,1921.115824,223.3622139,2119.173819,32.53596807,281.868374,1906.200132,340.731433,309.8745456,281.868374,159
223,1969.45931,274.1701257,185.0328215,409.7728316,1937.426226,1910.125055,222.0843511,2121.715735,32.39935618,280.5085056,1895.089035,339.4575231,308.7663512,280.5085056,159
224,1960.222746,272.9160981,184.1650364,409.7728316,1928.025303,1900.089748,220.9175768,2121.317984,32.2688242,279.2554399,1884.997522,338.274134,307.6488997,279.2554399,159
225,1951.425434,271.7383937,183.3385194,409.7728316,1919.110728,1890.75999,219.8328347,2119.590165,32.15455963,278.0756311,1875.640621,337.1657096,306.5356619,278.0756311,159
226,1932.702325,270.4873619,181.120148,409.9398381,1901.394411,1874.057118,217.6372106,2119.428333,32.06491041,276.8341059,1859.429061,336.1727499,305.4154409,276.8341059,159
227,1934.061236,270.2850663,181.2474963,409.9398381,1901.50854,1869.499906,217.1079744,2102.686256,31.97733675,276.4619139,1854.070019,335.4128484,304.4702533,276.4619139,159
228,1939.583139,270.7123866,181.7649727,409.9398381,1906.124149,1869.857612,217.1495153,2079.534983,31.989508,276.7197615,1853.905586,334.9605413,303.7978462,276.7197615,159
229,1945.731736,271.3787978,182.3411787,409.9398381,1911.864549,1873.085444,217.5243686,2057.941272,32.09588777,277.2401203,1856.841944,334.782879,303.3985793,277.2401203,159
230,1952.418267,272.1910464,182.9677964,409.9398381,1918.315998,1878.024596,218.09796,2038.416861,32.24427748,277.9364561,1861.62171,334.8462687,303.2525063,277.9364561,159
231,1949.344977,272.114088,182.2998507,410.1402434,1915.935474,1878.446163,217.7471814,2038.69053,32.42261196,277.8895265,1862.22133,334.9059778,303.142675,277.8895265,159
232,1947.578519,271.9955971,182.1346542,410.1402434,1914.375229,1878.298065,217.7300141,2038.938494,32.50262912,277.7782627,1862.271598,334.9521847,303.0425113,277.7782627,159
233,1946.035474,271.8444986,181.9903509,410.1402434,1912.908731,1877.488185,217.6361338,2039.805025,32.55804305,277.6348309,1861.566021,334.9679949,302.943375,277.6348309,159
234,1944.511036,271.6711723,181.8477878,410.1402434,1911.426627,1876.349454,217.5041336,2040.876929,32.59828751,277.4695224,1860.483482,334.9466939,302.8374778,277.4695224,159
235,1942.956857,271.4825608,181.7024433,410.1402434,1909.898391,1875.02508,217.3506137,2042.009343,32.6324025,277.2894199,1859.19297,334.8960784,302.7225666,277.2894199,159
236,1945.286981,271.7265614,182.3021459,410.1149188,1912.167872,1875.582616,217.8805683,2036.077974,32.66566959,277.4666642,1859.550197,334.9100639,302.6771422,277.4666642,159
237,1951.620615,272.3956267,182.895701,410.1149188,1917.945987,1879.190186,218.2996484,2024.682681,32.73412996,278.0334824,1862.882329,335.0590768,302.7707488,278.0334824,159
238,1959.067707,273.2698323,183.5936036,410.1149188,1925.084063,1884.642107,218.9329811,2012.036978,32.85250908,278.8221712,1868.126202,335.3551417,303.0176476,278.8221712,159
239,1966.677737,274.2242159,184.3067759,410.1149188,1932.556356,1891.11318,219.6847053,2001.277395,33.00524637,279.7087073,1874.477096,335.7841506,303.4063312,279.7087073,159
240,1974.542629,275.2364082,185.0438326,410.1149188,1940.33243,1898.222116,220.5105283,1994.771411,33.16676835,280.6749717,1881.510359,336.3283289,304.0503692,280.6749717,159
241,1982.392888,275.8312458,185.6558982,410.2141155,1947.901635,1906.596891,221.5014481,1997.165512,33.32054472,281.2778616,1889.742696,336.838411,304.6735193,281.2778616,159
242,1985.905223,276.3781839,185.9848369,410.2141155,1951.552268,1911.280003,222.0455149,1999.126661,33.42148015,281.8328216,1894.689394,337.3453164,305.2666066,281.8328216,159
243,1989.296339,276.8686474,186.3024231,410.2141155,1955.040836,1915.328983,222.5159106,2001.390715,33.50555387,282.3342909,1898.818187,337.8240021,305.8220101,282.3342909,159
244,1992.416084,277.3076593,186.5945948,410.2141155,1958.238971,1918.889456,222.9295534,2003.796377,33.57875956,282.7851834,1902.421169,338.2697511,306.3353378,282.7851834,159
245,1995.229398,277.6992884,186.8580685,410.2141155,1961.120438,1922.050126,223.2967484,2006.204054,33.64214822,283.1888469,1905.611241,338.6819862,306.8048201,283.1888469,159
246,2003.623198,278.2953017,188.0377866,410.174968,1969.082038,1928.883454,224.5023757,2004.676985,33.69290151,283.7624531,1912.198432,339.0863636,307.2907388,283.7624531,159
247,2009.677853,279.0459278,188.6060092,410.174968,1974.933988,1934.105342,225.1101502,2001.124403,33.76355124,284.4764545,1917.439121,339.5445775,307.826897,284.4764545,159
248,2015.969495,279.845969,189.1964727,410.174968,1981.148605,1939.82052,225.7753387,1997.544574,33.85123925,285.248826,1923.08956,340.0494325,308.4136864,285.248826,159
249,2022.138776,280.6500912,189.7754528,410.174968,1987.302406,1945.702848,226.4599817,1994.749098,33.94313554,286.0335253,1928.930765,340.5940846,309.0385793,286.0335253,159
250,2028.065198,281.4357787,190.3316408,410.174968,1993.247307,1951.552683,227.1408429,1992.879221,34.0336317,286.8064745,1934.762676,341.1680684,309.685968,286.8064745,159
